individual_id,state,gross,county,Lake_name,code,NAD_83_Zone,Easting,Northing,year_stocked,date_sampled,area-hectares,depth-meters,max_depth_meters,elevation-meters_above_sea_level,cond-microSiemens,secchi-meters,turbidity-Nephelometric_Turbidity_Units,min_Dissolved_Oxygen_on_bottom-mg_per_L,mean_august_surface_temp_C,num_yrs_Aug_temp,mysis_detected,number_stocking_events,stocked,connected_to_stocked_lake
C_1,CO,0,Larimer,Carter,CAR,13T,481262,4462786,NA,8/17/2014,449,54.9,54.9,1757,72.4,3.1,1.7,5.7,21.5,27,Y,0,N,Y
C_2,CO,0,Larimer,Carter,CAR,13T,481262,4462786,NA,8/17/2014,449,54.9,54.9,1757,72.4,3.1,1.7,5.7,21.5,27,Y,0,N,Y
C_3,CO,0,Larimer,Carter,CAR,13T,481262,4462786,NA,8/17/2014,449,54.9,54.9,1757,72.4,3.1,1.7,5.7,21.5,27,Y,0,N,Y
C_4,CO,0,Larimer,Carter,CAR,13T,481262,4462786,NA,8/17/2014,449,54.9,54.9,1757,72.4,3.1,1.7,5.7,21.5,27,Y,0,N,Y
C_5,CO,0,Larimer,Carter,CAR,13T,481262,4462786,NA,8/17/2014,449,54.9,54.9,1757,72.4,3.1,1.7,5.7,21.5,27,Y,0,N,Y
C_6,CO,0,Larimer,Carter,CAR,13T,481262,4462786,NA,8/17/2014,449,54.9,54.9,1757,72.4,3.1,1.7,5.7,21.5,27,Y,0,N,Y
C_7,CO,0,Larimer,Carter,CAR,13T,481262,4462786,NA,8/17/2014,449,54.9,54.9,1757,72.4,3.1,1.7,5.7,21.5,27,Y,0,N,Y
C_8,CO,0,Larimer,Carter,CAR,13T,481262,4462786,NA,8/17/2014,449,54.9,54.9,1757,72.4,3.1,1.7,5.7,21.5,27,Y,0,N,Y
C_9,CO,0,Larimer,Carter,CAR,13T,481262,4462786,NA,8/17/2014,449,54.9,54.9,1757,72.4,3.1,1.7,5.7,21.5,27,Y,0,N,Y
C_10,CO,0,Larimer,Carter,CAR,13T,481262,4462786,NA,8/17/2014,449,54.9,54.9,1757,72.4,3.1,1.7,5.7,21.5,27,Y,0,N,Y
C_11,CO,0,Larimer,Carter,CAR,13T,481262,4462786,NA,8/17/2014,449,54.9,54.9,1757,72.4,3.1,1.7,5.7,21.5,27,Y,0,N,Y
C_12,CO,0,Larimer,Carter,CAR,13T,481262,4462786,NA,8/17/2014,449,54.9,54.9,1757,72.4,3.1,1.7,5.7,21.5,27,Y,0,N,Y
C_13,CO,0,Larimer,Carter,CAR,13T,481262,4462786,NA,8/17/2014,449,54.9,54.9,1757,72.4,3.1,1.7,5.7,21.5,27,Y,0,N,Y
C_14,CO,0,Larimer,Carter,CAR,13T,481262,4462786,NA,8/17/2014,449,54.9,54.9,1757,72.4,3.1,1.7,5.7,21.5,27,Y,0,N,Y
C_15,CO,0,Larimer,Carter,CAR,13T,481262,4462786,NA,8/17/2014,449,54.9,54.9,1757,72.4,3.1,1.7,5.7,21.5,27,Y,0,N,Y
C_16,CO,0,Larimer,Carter,CAR,13T,481262,4462786,NA,8/17/2014,449,54.9,54.9,1757,72.4,3.1,1.7,5.7,21.5,27,Y,0,N,Y
C_17,CO,0,Larimer,Carter,CAR,13T,481262,4462786,NA,8/17/2014,449,54.9,54.9,1757,72.4,3.1,1.7,5.7,21.5,27,Y,0,N,Y
C_18,CO,0,Larimer,Carter,CAR,13T,481262,4462786,NA,8/17/2014,449,54.9,54.9,1757,72.4,3.1,1.7,5.7,21.5,27,Y,0,N,Y
C_19,CO,0,Larimer,Carter,CAR,13T,481262,4462786,NA,8/17/2014,449,54.9,54.9,1757,72.4,3.1,1.7,5.7,21.5,27,Y,0,N,Y
C_20,CO,0,Larimer,Carter,CAR,13T,481262,4462786,NA,8/17/2014,449,54.9,54.9,1757,72.4,3.1,1.7,5.7,21.5,27,Y,0,N,Y
CLER_1,MI,0,Cook,Clear_Water,CLER,15T,696005,5328008,NA,8/31/2016,,,39.6,507,,,,,,,,,,
CLER_2,MI,0,Cook,Clear_Water,CLER,15T,696005,5328008,NA,8/31/2016,,,39.6,507,,,,,,,,,,
CLER_3,MI,0,Cook,Clear_Water,CLER,15T,696005,5328008,NA,8/31/2016,,,39.6,507,,,,,,,,,,
CLER_4,MI,0,Cook,Clear_Water,CLER,15T,696005,5328008,NA,8/31/2016,,,39.6,507,,,,,,,,,,
CLER_5,MI,0,Cook,Clear_Water,CLER,15T,696005,5328008,NA,8/31/2016,,,39.6,507,,,,,,,,,,
CLER_6,MI,0,Cook,Clear_Water,CLER,15T,696005,5328008,NA,8/31/2016,,,39.6,507,,,,,,,,,,
CLER_7,MI,0,Cook,Clear_Water,CLER,15T,696005,5328008,NA,8/31/2016,,,39.6,507,,,,,,,,,,
CLER_8,MI,0,Cook,Clear_Water,CLER,15T,696005,5328008,NA,8/31/2016,,,39.6,507,,,,,,,,,,
CLER_9,MI,0,Cook,Clear_Water,CLER,15T,696005,5328008,NA,8/31/2016,,,39.6,507,,,,,,,,,,
CLER_12,MI,0,Cook,Clear_Water,CLER,15T,696005,5328008,NA,8/31/2016,,,39.6,507,,,,,,,,,,
CLER_13,MI,0,Cook,Clear_Water,CLER,15T,696005,5328008,NA,8/31/2016,,,39.6,507,,,,,,,,,,
CLER_14,MI,0,Cook,Clear_Water,CLER,15T,696005,5328008,NA,8/31/2016,,,39.6,507,,,,,,,,,,
CLER_15,MI,0,Cook,Clear_Water,CLER,15T,696005,5328008,NA,8/31/2016,,,39.6,507,,,,,,,,,,
CLER_16,MI,0,Cook,Clear_Water,CLER,15T,696005,5328008,NA,8/31/2016,,,39.6,507,,,,,,,,,,
CLER_17,MI,0,Cook,Clear_Water,CLER,15T,696005,5328008,NA,8/31/2016,,,39.6,507,,,,,,,,,,
CLER_18,MI,0,Cook,Clear_Water,CLER,15T,696005,5328008,NA,8/31/2016,,,39.6,507,,,,,,,,,,
CLER_19,MI,0,Cook,Clear_Water,CLER,15T,696005,5328008,NA,8/31/2016,,,39.6,507,,,,,,,,,,
CLER_20,MI,0,Cook,Clear_Water,CLER,15T,696005,5328008,NA,8/31/2016,,,39.6,507,,,,,,,,,,
CLER_21,MI,0,Cook,Clear_Water,CLER,15T,696005,5328008,NA,8/31/2016,,,39.6,507,,,,,,,,,,
CLER_22,MI,0,Cook,Clear_Water,CLER,15T,696005,5328008,NA,8/31/2016,,,39.6,507,,,,,,,,,,
CLER_23,MI,0,Cook,Clear_Water,CLER,15T,696005,5328008,NA,8/31/2016,,,39.6,507,,,,,,,,,,
CLER_24,MI,0,Cook,Clear_Water,CLER,15T,696005,5328008,NA,8/31/2016,,,39.6,507,,,,,,,,,,
CLER_25,MI,0,Cook,Clear_Water,CLER,15T,696005,5328008,NA,8/31/2016,,,39.6,507,,,,,,,,,,
D_1,CO,0,Summit,Dillon,DIL,13S,409426,4386202,1970,8/24/2017,"1,276",73.1,57.3,2804,212,3.1,1.3,6.4,16.4,18,Y,2,Y,
D_2,CO,0,Summit,Dillon,DIL,13S,409426,4386202,1970,8/24/2017,"1,276",73.1,57.3,2804,212,3.1,1.3,6.4,16.4,18,Y,2,Y,
D_3,CO,0,Summit,Dillon,DIL,13S,409426,4386202,1970,8/24/2017,"1,276",73.1,57.3,2804,212,3.1,1.3,6.4,16.4,18,Y,2,Y,
D_4,CO,0,Summit,Dillon,DIL,13S,409426,4386202,1970,8/24/2017,"1,276",73.1,57.3,2804,212,3.1,1.3,6.4,16.4,18,Y,2,Y,
D_5,CO,0,Summit,Dillon,DIL,13S,409426,4386202,1970,8/24/2017,"1,276",73.1,57.3,2804,212,3.1,1.3,6.4,16.4,18,Y,2,Y,
D_6,CO,0,Summit,Dillon,DIL,13S,409426,4386202,1970,8/24/2017,"1,276",73.1,57.3,2804,212,3.1,1.3,6.4,16.4,18,Y,2,Y,
D_7,CO,0,Summit,Dillon,DIL,13S,409426,4386202,1970,8/24/2017,"1,276",73.1,57.3,2804,212,3.1,1.3,6.4,16.4,18,Y,2,Y,
D_8,CO,0,Summit,Dillon,DIL,13S,409426,4386202,1970,8/24/2017,"1,276",73.1,57.3,2804,212,3.1,1.3,6.4,16.4,18,Y,2,Y,
D_9,CO,0,Summit,Dillon,DIL,13S,409426,4386202,1970,8/24/2017,"1,276",73.1,57.3,2804,212,3.1,1.3,6.4,16.4,18,Y,2,Y,
D_10,CO,0,Summit,Dillon,DIL,13S,409426,4386202,1970,8/24/2017,"1,276",73.1,57.3,2804,212,3.1,1.3,6.4,16.4,18,Y,2,Y,
D_11,CO,0,Summit,Dillon,DIL,13S,409426,4386202,1970,8/24/2017,"1,276",73.1,57.3,2804,212,3.1,1.3,6.4,16.4,18,Y,2,Y,
D_12,CO,0,Summit,Dillon,DIL,13S,409426,4386202,1970,8/24/2017,"1,276",73.1,57.3,2804,212,3.1,1.3,6.4,16.4,18,Y,2,Y,
D_13,CO,0,Summit,Dillon,DIL,13S,409426,4386202,1970,8/24/2017,"1,276",73.1,57.3,2804,212,3.1,1.3,6.4,16.4,18,Y,2,Y,
D_14,CO,0,Summit,Dillon,DIL,13S,409426,4386202,1970,8/24/2017,"1,276",73.1,57.3,2804,212,3.1,1.3,6.4,16.4,18,Y,2,Y,
D_15,CO,0,Summit,Dillon,DIL,13S,409426,4386202,1970,8/24/2017,"1,276",73.1,57.3,2804,212,3.1,1.3,6.4,16.4,18,Y,2,Y,
D_16,CO,0,Summit,Dillon,DIL,13S,409426,4386202,1970,8/24/2017,"1,276",73.1,57.3,2804,212,3.1,1.3,6.4,16.4,18,Y,2,Y,
D_17,CO,0,Summit,Dillon,DIL,13S,409426,4386202,1970,8/24/2017,"1,276",73.1,57.3,2804,212,3.1,1.3,6.4,16.4,18,Y,2,Y,
D_18,CO,0,Summit,Dillon,DIL,13S,409426,4386202,1970,8/24/2017,"1,276",73.1,57.3,2804,212,3.1,1.3,6.4,16.4,18,Y,2,Y,
D_19,CO,0,Summit,Dillon,DIL,13S,409426,4386202,1970,8/24/2017,"1,276",73.1,57.3,2804,212,3.1,1.3,6.4,16.4,18,Y,2,Y,
D_20,CO,0,Summit,Dillon,DIL,13S,409426,4386202,1970,8/24/2017,"1,276",73.1,57.3,2804,212,3.1,1.3,6.4,16.4,18,Y,2,Y,
A_1,CO,0,Grand,Grand,GDL,13T,430599,4454801,1969-1971,8/22/2014,208,80.1,80.8,2743,23.3,2.5,2,6.3,16.7,24,Y,3,Y,
A_2,CO,0,Grand,Grand,GDL,13T,430599,4454801,1969-1971,8/22/2014,208,80.1,80.8,2743,23.3,2.5,2,6.3,16.7,24,Y,3,Y,
A_3,CO,0,Grand,Grand,GDL,13T,430599,4454801,1969-1971,8/22/2014,208,80.1,80.8,2743,23.3,2.5,2,6.3,16.7,24,Y,3,Y,
A_4,CO,0,Grand,Grand,GDL,13T,430599,4454801,1969-1971,8/22/2014,208,80.1,80.8,2743,23.3,2.5,2,6.3,16.7,24,Y,3,Y,
A_5,CO,0,Grand,Grand,GDL,13T,430599,4454801,1969-1971,8/22/2014,208,80.1,80.8,2743,23.3,2.5,2,6.3,16.7,24,Y,3,Y,
A_6,CO,0,Grand,Grand,GDL,13T,430599,4454801,1969-1971,8/22/2014,208,80.1,80.8,2743,23.3,2.5,2,6.3,16.7,24,Y,3,Y,
A_7,CO,0,Grand,Grand,GDL,13T,430599,4454801,1969-1971,8/22/2014,208,80.1,80.8,2743,23.3,2.5,2,6.3,16.7,24,Y,3,Y,
A_8,CO,0,Grand,Grand,GDL,13T,430599,4454801,1969-1971,8/22/2014,208,80.1,80.8,2743,23.3,2.5,2,6.3,16.7,24,Y,3,Y,
A_9,CO,0,Grand,Grand,GDL,13T,430599,4454801,1969-1971,8/22/2014,208,80.1,80.8,2743,23.3,2.5,2,6.3,16.7,24,Y,3,Y,
A_10,CO,0,Grand,Grand,GDL,13T,430599,4454801,1969-1971,8/22/2014,208,80.1,80.8,2743,23.3,2.5,2,6.3,16.7,24,Y,3,Y,
A_11,CO,0,Grand,Grand,GDL,13T,430599,4454801,1969-1971,8/22/2014,208,80.1,80.8,2743,23.3,2.5,2,6.3,16.7,24,Y,3,Y,
A_12,CO,0,Grand,Grand,GDL,13T,430599,4454801,1969-1971,8/22/2014,208,80.1,80.8,2743,23.3,2.5,2,6.3,16.7,24,Y,3,Y,
A_13,CO,0,Grand,Grand,GDL,13T,430599,4454801,1969-1971,8/22/2014,208,80.1,80.8,2743,23.3,2.5,2,6.3,16.7,24,Y,3,Y,
A_14,CO,0,Grand,Grand,GDL,13T,430599,4454801,1969-1971,8/22/2014,208,80.1,80.8,2743,23.3,2.5,2,6.3,16.7,24,Y,3,Y,
A_15,CO,0,Grand,Grand,GDL,13T,430599,4454801,1969-1971,8/22/2014,208,80.1,80.8,2743,23.3,2.5,2,6.3,16.7,24,Y,3,Y,
A_16,CO,0,Grand,Grand,GDL,13T,430599,4454801,1969-1971,8/22/2014,208,80.1,80.8,2743,23.3,2.5,2,6.3,16.7,24,Y,3,Y,
A_17,CO,0,Grand,Grand,GDL,13T,430599,4454801,1969-1971,8/22/2014,208,80.1,80.8,2743,23.3,2.5,2,6.3,16.7,24,Y,3,Y,
A_18,CO,0,Grand,Grand,GDL,13T,430599,4454801,1969-1971,8/22/2014,208,80.1,80.8,2743,23.3,2.5,2,6.3,16.7,24,Y,3,Y,
A_19,CO,0,Grand,Grand,GDL,13T,430599,4454801,1969-1971,8/22/2014,208,80.1,80.8,2743,23.3,2.5,2,6.3,16.7,24,Y,3,Y,
A_20,CO,0,Grand,Grand,GDL,13T,430599,4454801,1969-1971,8/22/2014,208,80.1,80.8,2743,23.3,2.5,2,6.3,16.7,24,Y,3,Y,
GGRO_1,CO,1,Boulder,GGross,GRO,13S,469113,4422379,1971-1974,5/30/2014,167,85.3,85.3,2130,90,2,1.4,9.2,,,Y,4,Y,
GGRO_2,CO,1,Boulder,GGross,GRO,13S,469113,4422379,1971-1974,5/30/2014,167,85.3,85.3,2130,90,2,1.4,9.2,,,Y,4,Y,
GGRO_3,CO,1,Boulder,GGross,GRO,13S,469113,4422379,1971-1974,5/30/2014,167,85.3,85.3,2130,90,2,1.4,9.2,,,Y,4,Y,
GGRO_4,CO,1,Boulder,GGross,GRO,13S,469113,4422379,1971-1974,5/30/2014,167,85.3,85.3,2130,90,2,1.4,9.2,,,Y,4,Y,
GGRO_8,CO,1,Boulder,GGross,GRO,13S,469113,4422379,1971-1974,5/30/2014,167,85.3,85.3,2130,90,2,1.4,9.2,,,Y,4,Y,
GGRO_9,CO,1,Boulder,GGross,GRO,13S,469113,4422379,1971-1974,5/30/2014,167,85.3,85.3,2130,90,2,1.4,9.2,,,Y,4,Y,
GGRO_10,CO,1,Boulder,GGross,GRO,13S,469113,4422379,1971-1974,5/30/2014,167,85.3,85.3,2130,90,2,1.4,9.2,,,Y,4,Y,
GGRO_11,CO,1,Boulder,GGross,GRO,13S,469113,4422379,1971-1974,5/30/2014,167,85.3,85.3,2130,90,2,1.4,9.2,,,Y,4,Y,
GGRO_13,CO,1,Boulder,GGross,GRO,13S,469113,4422379,1971-1974,5/30/2014,167,85.3,85.3,2130,90,2,1.4,9.2,,,Y,4,Y,
GGRO_14,CO,1,Boulder,GGross,GRO,13S,469113,4422379,1971-1974,5/30/2014,167,85.3,85.3,2130,90,2,1.4,9.2,,,Y,4,Y,
GGRO_15,CO,1,Boulder,GGross,GRO,13S,469113,4422379,1971-1974,5/30/2014,167,85.3,85.3,2130,90,2,1.4,9.2,,,Y,4,Y,
GGRO_16,CO,1,Boulder,GGross,GRO,13S,469113,4422379,1971-1974,5/30/2014,167,85.3,85.3,2130,90,2,1.4,9.2,,,Y,4,Y,
GGRO_17,CO,1,Boulder,GGross,GRO,13S,469113,4422379,1971-1974,5/30/2014,167,85.3,85.3,2130,90,2,1.4,9.2,,,Y,4,Y,
GGRO_19,CO,1,Boulder,GGross,GRO,13S,469113,4422379,1971-1974,5/30/2014,167,85.3,85.3,2130,90,2,1.4,9.2,,,Y,4,Y,
GGRO_21,CO,1,Boulder,GGross,GRO,13S,469113,4422379,1971-1974,5/30/2014,167,85.3,85.3,2130,90,2,1.4,9.2,,,Y,4,Y,
RGRO_25,CO,1,Boulder,RGross,GRO,13S,469113,4422379,1971-1974,5/30/2014,167,85.3,85.3,2130,90,2,1.4,9.2,,,Y,4,Y,
RGRO_26,CO,1,Boulder,RGross,GRO,13S,469113,4422379,1971-1974,5/30/2014,167,85.3,85.3,2130,90,2,1.4,9.2,,,Y,4,Y,
RGRO_27,CO,1,Boulder,RGross,GRO,13S,469113,4422379,1971-1974,5/30/2014,167,85.3,85.3,2130,90,2,1.4,9.2,,,Y,4,Y,
RGRO_28,CO,1,Boulder,RGross,GRO,13S,469113,4422379,1971-1974,5/30/2014,167,85.3,85.3,2130,90,2,1.4,9.2,,,Y,4,Y,
RGRO_29,CO,1,Boulder,RGross,GRO,13S,469113,4422379,1971-1974,5/30/2014,167,85.3,85.3,2130,90,2,1.4,9.2,,,Y,4,Y,
RGRO_31,CO,1,Boulder,RGross,GRO,13S,469113,4422379,1971-1974,5/30/2014,167,85.3,85.3,2130,90,2,1.4,9.2,,,Y,4,Y,
RGRO_32,CO,1,Boulder,RGross,GRO,13S,469113,4422379,1971-1974,5/30/2014,167,85.3,85.3,2130,90,2,1.4,9.2,,,Y,4,Y,
RGRO_33,CO,1,Boulder,RGross,GRO,13S,469113,4422379,1971-1974,5/30/2014,167,85.3,85.3,2130,90,2,1.4,9.2,,,Y,4,Y,
RGRO_34,CO,1,Boulder,RGross,GRO,13S,469113,4422379,1971-1974,5/30/2014,167,85.3,85.3,2130,90,2,1.4,9.2,,,Y,4,Y,
RGRO_35,CO,1,Boulder,RGross,GRO,13S,469113,4422379,1971-1974,5/30/2014,167,85.3,85.3,2130,90,2,1.4,9.2,,,Y,4,Y,
RGRO_36,CO,1,Boulder,RGross,GRO,13S,469113,4422379,1971-1974,5/30/2014,167,85.3,85.3,2130,90,2,1.4,9.2,,,Y,4,Y,
RGRO_37,CO,1,Boulder,RGross,GRO,13S,469113,4422379,1971-1974,5/30/2014,167,85.3,85.3,2130,90,2,1.4,9.2,,,Y,4,Y,
RGRO_38,CO,1,Boulder,RGross,GRO,13S,469113,4422379,1971-1974,5/30/2014,167,85.3,85.3,2130,90,2,1.4,9.2,,,Y,4,Y,
RGRO_39,CO,1,Boulder,RGross,GRO,13S,469113,4422379,1971-1974,5/30/2014,167,85.3,85.3,2130,90,2,1.4,9.2,,,Y,4,Y,
J_1,CO,0,Park,Jefferson,JEF,13S,425812,4367589,1972,8/11/2015,51,30.5,52.8,3263,73.3,8.4,0.5,2.5,14.5,2,Y,1,Y,
J_2,CO,0,Park,Jefferson,JEF,13S,425812,4367589,1972,8/11/2015,51,30.5,52.8,3263,73.3,8.4,0.5,2.5,14.5,2,Y,1,Y,
J_3,CO,0,Park,Jefferson,JEF,13S,425812,4367589,1972,8/11/2015,51,30.5,52.8,3263,73.3,8.4,0.5,2.5,14.5,2,Y,1,Y,
J_4,CO,0,Park,Jefferson,JEF,13S,425812,4367589,1972,8/11/2015,51,30.5,52.8,3263,73.3,8.4,0.5,2.5,14.5,2,Y,1,Y,
J_5,CO,0,Park,Jefferson,JEF,13S,425812,4367589,1972,8/11/2015,51,30.5,52.8,3263,73.3,8.4,0.5,2.5,14.5,2,Y,1,Y,
J_6,CO,0,Park,Jefferson,JEF,13S,425812,4367589,1972,8/11/2015,51,30.5,52.8,3263,73.3,8.4,0.5,2.5,14.5,2,Y,1,Y,
J_7,CO,0,Park,Jefferson,JEF,13S,425812,4367589,1972,8/11/2015,51,30.5,52.8,3263,73.3,8.4,0.5,2.5,14.5,2,Y,1,Y,
J_8,CO,0,Park,Jefferson,JEF,13S,425812,4367589,1972,8/11/2015,51,30.5,52.8,3263,73.3,8.4,0.5,2.5,14.5,2,Y,1,Y,
J_9,CO,0,Park,Jefferson,JEF,13S,425812,4367589,1972,8/11/2015,51,30.5,52.8,3263,73.3,8.4,0.5,2.5,14.5,2,Y,1,Y,
J_10,CO,0,Park,Jefferson,JEF,13S,425812,4367589,1972,8/11/2015,51,30.5,52.8,3263,73.3,8.4,0.5,2.5,14.5,2,Y,1,Y,
J_11,CO,0,Park,Jefferson,JEF,13S,425812,4367589,1972,8/11/2015,51,30.5,52.8,3263,73.3,8.4,0.5,2.5,14.5,2,Y,1,Y,
J_12,CO,0,Park,Jefferson,JEF,13S,425812,4367589,1972,8/11/2015,51,30.5,52.8,3263,73.3,8.4,0.5,2.5,14.5,2,Y,1,Y,
J_13,CO,0,Park,Jefferson,JEF,13S,425812,4367589,1972,8/11/2015,51,30.5,52.8,3263,73.3,8.4,0.5,2.5,14.5,2,Y,1,Y,
J_14,CO,0,Park,Jefferson,JEF,13S,425812,4367589,1972,8/11/2015,51,30.5,52.8,3263,73.3,8.4,0.5,2.5,14.5,2,Y,1,Y,
J_15,CO,0,Park,Jefferson,JEF,13S,425812,4367589,1972,8/11/2015,51,30.5,52.8,3263,73.3,8.4,0.5,2.5,14.5,2,Y,1,Y,
J_16,CO,0,Park,Jefferson,JEF,13S,425812,4367589,1972,8/11/2015,51,30.5,52.8,3263,73.3,8.4,0.5,2.5,14.5,2,Y,1,Y,
J_17,CO,0,Park,Jefferson,JEF,13S,425812,4367589,1972,8/11/2015,51,30.5,52.8,3263,73.3,8.4,0.5,2.5,14.5,2,Y,1,Y,
J_18,CO,0,Park,Jefferson,JEF,13S,425812,4367589,1972,8/11/2015,51,30.5,52.8,3263,73.3,8.4,0.5,2.5,14.5,2,Y,1,Y,
J_19,CO,0,Park,Jefferson,JEF,13S,425812,4367589,1972,8/11/2015,51,30.5,52.8,3263,73.3,8.4,0.5,2.5,14.5,2,Y,1,Y,
J_20,CO,0,Park,Jefferson,JEF,13S,425812,4367589,1972,8/11/2015,51,30.5,52.8,3263,73.3,8.4,0.5,2.5,14.5,2,Y,1,Y,
LOWT_1,CO,0,Lake,Lower_Twin,TWL,13S,384462,4326177,1957,8/19/2014,742,29.3,29.3,2804,70,4.7,0.5,4.6,15.4,13,Y,NA,Y,
LOWT_2,CO,0,Lake,Lower_Twin,TWL,13S,384462,4326177,1957,8/19/2014,742,29.3,29.3,2804,70,4.7,0.5,4.6,15.4,13,Y,NA,Y,
LOWT_3,CO,0,Lake,Lower_Twin,TWL,13S,384462,4326177,1957,8/19/2014,742,29.3,29.3,2804,70,4.7,0.5,4.6,15.4,13,Y,NA,Y,
LOWT_4,CO,0,Lake,Lower_Twin,TWL,13S,384462,4326177,1957,8/19/2014,742,29.3,29.3,2804,70,4.7,0.5,4.6,15.4,13,Y,NA,Y,
LOWT_5,CO,0,Lake,Lower_Twin,TWL,13S,384462,4326177,1957,8/19/2014,742,29.3,29.3,2804,70,4.7,0.5,4.6,15.4,13,Y,NA,Y,
LOWT_6,CO,0,Lake,Lower_Twin,TWL,13S,384462,4326177,1957,8/19/2014,742,29.3,29.3,2804,70,4.7,0.5,4.6,15.4,13,Y,NA,Y,
LOWT_7,CO,0,Lake,Lower_Twin,TWL,13S,384462,4326177,1957,8/19/2014,742,29.3,29.3,2804,70,4.7,0.5,4.6,15.4,13,Y,NA,Y,
LOWT_8,CO,0,Lake,Lower_Twin,TWL,13S,384462,4326177,1957,8/19/2014,742,29.3,29.3,2804,70,4.7,0.5,4.6,15.4,13,Y,NA,Y,
LOWT_9,CO,0,Lake,Lower_Twin,TWL,13S,384462,4326177,1957,8/19/2014,742,29.3,29.3,2804,70,4.7,0.5,4.6,15.4,13,Y,NA,Y,
LOWT_10,CO,0,Lake,Lower_Twin,TWL,13S,384462,4326177,1957,8/19/2014,742,29.3,29.3,2804,70,4.7,0.5,4.6,15.4,13,Y,NA,Y,
LOWT_12,CO,0,Lake,Lower_Twin,TWL,13S,384462,4326177,1957,8/19/2014,742,29.3,29.3,2804,70,4.7,0.5,4.6,15.4,13,Y,NA,Y,
LOWT_13,CO,0,Lake,Lower_Twin,TWL,13S,384462,4326177,1957,8/19/2014,742,29.3,29.3,2804,70,4.7,0.5,4.6,15.4,13,Y,NA,Y,
LOWT_15,CO,0,Lake,Lower_Twin,TWL,13S,384462,4326177,1957,8/19/2014,742,29.3,29.3,2804,70,4.7,0.5,4.6,15.4,13,Y,NA,Y,
LOWT_18,CO,0,Lake,Lower_Twin,TWL,13S,384462,4326177,1957,8/19/2014,742,29.3,29.3,2804,70,4.7,0.5,4.6,15.4,13,Y,NA,Y,
LOWT_20,CO,0,Lake,Lower_Twin,TWL,13S,384462,4326177,1957,8/19/2014,742,29.3,29.3,2804,70,4.7,0.5,4.6,15.4,13,Y,NA,Y,
LOWT_29,CO,0,Lake,Lower_Twin,TWL,13S,384462,4326177,1957,8/19/2014,742,29.3,29.3,2804,70,4.7,0.5,4.6,15.4,13,Y,NA,Y,
R_1,CO,0,Eagle,Ruedi,RUE,13S,346230,4358267,1970,6/25/2014,445,85,78,2316,100,1.2,1.6,8.4,17.9,4,Y,3,Y,
R_2,CO,0,Eagle,Ruedi,RUE,13S,346230,4358267,1970,6/25/2014,445,85,78,2316,100,1.2,1.6,8.4,17.9,4,Y,3,Y,
R_3,CO,0,Eagle,Ruedi,RUE,13S,346230,4358267,1970,6/25/2014,445,85,78,2316,100,1.2,1.6,8.4,17.9,4,Y,3,Y,
R_4,CO,0,Eagle,Ruedi,RUE,13S,346230,4358267,1970,6/25/2014,445,85,78,2316,100,1.2,1.6,8.4,17.9,4,Y,3,Y,
R_5,CO,0,Eagle,Ruedi,RUE,13S,346230,4358267,1970,6/25/2014,445,85,78,2316,100,1.2,1.6,8.4,17.9,4,Y,3,Y,
R_6,CO,0,Eagle,Ruedi,RUE,13S,346230,4358267,1970,6/25/2014,445,85,78,2316,100,1.2,1.6,8.4,17.9,4,Y,3,Y,
R_7,CO,0,Eagle,Ruedi,RUE,13S,346230,4358267,1970,6/25/2014,445,85,78,2316,100,1.2,1.6,8.4,17.9,4,Y,3,Y,
R_8,CO,0,Eagle,Ruedi,RUE,13S,346230,4358267,1970,6/25/2014,445,85,78,2316,100,1.2,1.6,8.4,17.9,4,Y,3,Y,
R_9,CO,0,Eagle,Ruedi,RUE,13S,346230,4358267,1970,6/25/2014,445,85,78,2316,100,1.2,1.6,8.4,17.9,4,Y,3,Y,
R_10,CO,0,Eagle,Ruedi,RUE,13S,346230,4358267,1970,6/25/2014,445,85,78,2316,100,1.2,1.6,8.4,17.9,4,Y,3,Y,
R_11,CO,0,Eagle,Ruedi,RUE,13S,346230,4358267,1970,6/25/2014,445,85,78,2316,100,1.2,1.6,8.4,17.9,4,Y,3,Y,
R_12,CO,0,Eagle,Ruedi,RUE,13S,346230,4358267,1970,6/25/2014,445,85,78,2316,100,1.2,1.6,8.4,17.9,4,Y,3,Y,
R_13,CO,0,Eagle,Ruedi,RUE,13S,346230,4358267,1970,6/25/2014,445,85,78,2316,100,1.2,1.6,8.4,17.9,4,Y,3,Y,
R_14,CO,0,Eagle,Ruedi,RUE,13S,346230,4358267,1970,6/25/2014,445,85,78,2316,100,1.2,1.6,8.4,17.9,4,Y,3,Y,
R_15,CO,0,Eagle,Ruedi,RUE,13S,346230,4358267,1970,6/25/2014,445,85,78,2316,100,1.2,1.6,8.4,17.9,4,Y,3,Y,
R_16,CO,0,Eagle,Ruedi,RUE,13S,346230,4358267,1970,6/25/2014,445,85,78,2316,100,1.2,1.6,8.4,17.9,4,Y,3,Y,
R_17,CO,0,Eagle,Ruedi,RUE,13S,346230,4358267,1970,6/25/2014,445,85,78,2316,100,1.2,1.6,8.4,17.9,4,Y,3,Y,
R_18,CO,0,Eagle,Ruedi,RUE,13S,346230,4358267,1970,6/25/2014,445,85,78,2316,100,1.2,1.6,8.4,17.9,4,Y,3,Y,
R_19,CO,0,Eagle,Ruedi,RUE,13S,346230,4358267,1970,6/25/2014,445,85,78,2316,100,1.2,1.6,8.4,17.9,4,Y,3,Y,
R_20,CO,0,Eagle,Ruedi,RUE,13S,346230,4358267,1970,6/25/2014,445,85,78,2316,100,1.2,1.6,8.4,17.9,4,Y,3,Y,
